t;underreporting;algorithm
0;0.0;UCB1
1;0.0;UCB1
2;4.815958017001169;UCB1
3;7.574524659405981;UCB1
4;8.995568673253505;UCB1
5;9.595273251470408;UCB1
6;9.995076303615008;UCB1
7;13.686407734305156;UCB1
8;15.378574228636918;UCB1
9;19.246049516701007;UCB1
10;22.896885206752007;UCB1
11;24.453673654430972;UCB1
12;25.89515327375566;UCB1
13;28.702713085362124;UCB1
14;31.442523422779903;UCB1
15;36.91320034943739;UCB1
16;40.179564691392805;UCB1
17;42.89504056786457;UCB1
18;43.10404260647192;UCB1
19;43.65711550035846;UCB1
20;45.42325235854767;UCB1
21;48.19709582117116;UCB1
22;50.40819533241904;UCB1
23;53.00343730486661;UCB1
24;56.030119511480876;UCB1
25;57.7112163215273;UCB1
26;57.83734261657412;UCB1
27;59.619927883572004;UCB1
28;60.13223517901743;UCB1
29;63.06512824554861;UCB1
30;65.18542975469191;UCB1
31;67.66301532150845;UCB1
32;71.43474743537229;UCB1
33;74.90989933269793;UCB1
34;78.19706365116286;UCB1
35;81.51595978338707;UCB1
36;83.87204557242035;UCB1
37;84.02008914876734;UCB1
38;84.16034095793823;UCB1
39;84.40689093142348;UCB1
40;84.81499716442246;UCB1
41;85.3419943415937;UCB1
42;88.99743974555204;UCB1
43;91.17522391386944;UCB1
44;93.5743374898446;UCB1
45;94.47284965058373;UCB1
46;96.19065933768701;UCB1
47;99.3618549446907;UCB1
48;103.41027387313548;UCB1
49;107.55454533152079;UCB1
50;111.82585351236989;UCB1
51;113.72624649405117;UCB1
52;113.6906094863222;UCB1
53;114.44371542162295;UCB1
54;114.40782118543315;UCB1
55;115.15499057811523;UCB1
56;115.11896808998111;UCB1
57;116.509560617425;UCB1
58;118.13842562082809;UCB1
59;118.41761916209163;UCB1
60;121.1748128609813;UCB1
61;123.74812116805396;UCB1
62;126.73152570428235;UCB1
63;128.7932636705663;UCB1
64;129.42653556017348;UCB1
65;131.7092198196703;UCB1
66;134.15837439404828;UCB1
67;136.90952239714443;UCB1
68;138.6815655285522;UCB1
69;138.68043908155533;UCB1
70;139.2484189364645;UCB1
71;139.81906540220626;UCB1
72;141.2871754805144;UCB1
73;141.47097808896342;UCB1
74;144.22380162623946;UCB1
75;145.83440630319907;UCB1
76;148.74043085291035;UCB1
77;151.9042443333275;UCB1
78;155.67290399390617;UCB1
79;159.45042147306287;UCB1
80;160.08361959489085;UCB1
81;161.68585651081258;UCB1
82;162.87983470056105;UCB1
83;166.3757061175437;UCB1
84;168.12151704081845;UCB1
85;170.7674973129361;UCB1
86;172.63269509617584;UCB1
87;175.05314151192295;UCB1
88;175.88487497912547;UCB1
89;178.7817151349094;UCB1
90;181.92096586750185;UCB1
91;185.2177983916829;UCB1
92;185.6633369107148;UCB1
93;186.1536857476367;UCB1
94;188.6803832487837;UCB1
95;192.248340572769;UCB1
96;195.88563506214976;UCB1
97;199.38731461053885;UCB1
98;202.35919190320323;UCB1
99;205.70843913503248;UCB1
100;209.17724925341335;UCB1
101;212.14439137380606;UCB1
102;215.06863060197438;UCB1
103;217.28788958346396;UCB1
104;218.62035560950986;UCB1
105;220.3166678773321;UCB1
106;222.44361117971525;UCB1
107;226.26011221822458;UCB1
108;226.59005701862145;UCB1
109;227.73982756666103;UCB1
110;232.72572340229766;UCB1
111;233.3273655452582;UCB1
112;233.4609723767948;UCB1
113;234.0624167929242;UCB1
114;238.56058852174363;UCB1
115;238.60859131869626;UCB1
116;238.65576648121868;UCB1
117;238.70213523070657;UCB1
118;238.7477180691862;UCB1
119;240.62152686024174;UCB1
120;243.26849347156806;UCB1
121;245.98719063654096;UCB1
122;247.27516775663327;UCB1
123;249.86025696501122;UCB1
124;252.32447129176495;UCB1
125;254.90201799352292;UCB1
126;258.4093337776562;UCB1
127;259.55513004276696;UCB1
128;260.2038264986977;UCB1
129;261.04361343071173;UCB1
130;261.1151203646506;UCB1
131;262.2784628470676;UCB1
132;262.4802091772166;UCB1
133;263.08902874640637;UCB1
134;264.249918483472;UCB1
135;268.23582103259673;UCB1
136;270.7630712648165;UCB1
137;271.658744728;UCB1
138;273.9779431987409;UCB1
139;273.99793290850477;UCB1
140;273.9995712059798;UCB1
141;273.9033044788618;UCB1
142;274.49858523494623;UCB1
143;275.80643001492757;UCB1
144;278.83587472481497;UCB1
145;280.10291232760306;UCB1
146;281.014912961719;UCB1
147;280.86128467236375;UCB1
148;281.9894566208026;UCB1
149;282.52314229308473;UCB1
150;285.53776258053387;UCB1
151;288.2445156042981;UCB1
152;291.2600240000898;UCB1
153;293.79931040855877;UCB1
154;295.8242289445815;UCB1
155;297.75545307516245;UCB1
156;300.0307270247811;UCB1
157;302.9738679053103;UCB1
158;304.90091000458443;UCB1
159;304.9824237256267;UCB1
160;305.1182451754884;UCB1
161;305.1424133892872;UCB1
162;305.9936934197988;UCB1
163;306.96051666925325;UCB1
164;307.0977548950094;UCB1
165;312.21410279418603;UCB1
166;315.06859243398026;UCB1
167;317.7500765773739;UCB1
168;319.2191674930774;UCB1
169;319.48220768507457;UCB1
170;321.76174874726416;UCB1
171;326.64036381262736;UCB1
172;326.66300339984105;UCB1
173;326.6853812577229;UCB1
174;326.70750189884734;UCB1
175;329.14747846173134;UCB1
176;333.08942629838134;UCB1
177;333.7870656169809;UCB1
178;333.72855132782536;UCB1
179;334.2994629770445;UCB1
180;337.2859401382925;UCB1
181;340.61574781914715;UCB1
182;344.9795959237786;UCB1
183;348.31174580908566;UCB1
184;351.18079376500265;UCB1
185;354.25700373307325;UCB1
186;355.9267599576101;UCB1
187;357.91699840346615;UCB1
188;362.66919714444356;UCB1
189;364.8600512428224;UCB1
190;365.49575521467136;UCB1
191;365.6755194228982;UCB1
192;366.1135780739721;UCB1
193;367.12038819087707;UCB1
194;368.9341801968071;UCB1
195;370.6226534367897;UCB1
196;372.8550654497623;UCB1
197;375.3521948951559;UCB1
198;377.50699585601615;UCB1
199;379.4933944281295;UCB1
200;380.02265004055056;UCB1
201;381.19673814665276;UCB1
202;385.0360815435566;UCB1
203;388.41614402098975;UCB1
204;389.7025186571333;UCB1
205;391.0523035258933;UCB1
206;392.7818719669434;UCB1
207;393.8465927905565;UCB1
208;393.8448566288533;UCB1
209;395.76751505751224;UCB1
210;397.7846516543433;UCB1
211;401.09871142016624;UCB1
212;404.44634434700254;UCB1
213;408.23576181946885;UCB1
214;411.75608147808293;UCB1
215;414.1845366227101;UCB1
216;417.6849205362065;UCB1
217;418.84576842822037;UCB1
218;419.4998411931842;UCB1
219;419.68887024585877;UCB1
220;420.0629981134631;UCB1
221;421.0757505344749;UCB1
222;421.2962618030982;UCB1
223;422.3520838545612;UCB1
224;424.49963149097596;UCB1
225;428.2082498988829;UCB1
226;431.1225405027069;UCB1
227;434.2490430306185;UCB1
228;437.24046322380457;UCB1
229;437.80791753037346;UCB1
230;441.60308016628056;UCB1
231;445.6588631742932;UCB1
232;448.089241340121;UCB1
233;450.264794998091;UCB1
234;450.20406804027255;UCB1
235;450.14385790762697;UCB1
236;450.62000936528267;UCB1
237;451.50834314707515;UCB1
238;452.5588995161807;UCB1
239;454.3914506887818;UCB1
240;457.17608065499235;UCB1
241;459.9389637072122;UCB1
242;462.3011556996331;UCB1
243;466.0918273604636;UCB1
244;468.7214439232904;UCB1
245;473.19035952854335;UCB1
246;476.3679766695429;UCB1
247;481.10765966246345;UCB1
248;482.95241309166516;UCB1
249;484.0404764822654;UCB1
250;485.3745524595442;UCB1
251;485.9002601361809;UCB1
252;485.9035206998659;UCB1
253;486.03019228329015;UCB1
254;487.3563247401559;UCB1
255;490.64407532334957;UCB1
256;493.08707973212944;UCB1
257;495.1500330531909;UCB1
258;497.04339098173807;UCB1
259;498.8920727127752;UCB1
260;503.0725241217405;UCB1
261;506.91455411801644;UCB1
262;510.42701621481206;UCB1
263;513.1392669465793;UCB1
264;514.6140349999592;UCB1
265;514.7100955016351;UCB1
266;514.8054337439;UCB1
267;515.2705839527255;UCB1
268;515.2887059505035;UCB1
269;516.6811168582676;UCB1
270;519.9664168448246;UCB1
271;521.9541379447086;UCB1
272;525.361080579339;UCB1
273;527.3044841610207;UCB1
274;529.6349116236023;UCB1
275;533.3192954534205;UCB1
276;536.2851166491863;UCB1
277;538.5472878296468;UCB1
278;540.2614005454863;UCB1
279;541.91553353992;UCB1
280;543.2150151249834;UCB1
281;545.1311111200112;UCB1
282;545.947847714174;UCB1
283;545.8816516042868;UCB1
284;546.7630869230575;UCB1
285;549.2353630323282;UCB1
286;551.938337746759;UCB1
287;553.3913004449441;UCB1
288;553.6040970509837;UCB1
289;553.6338248924694;UCB1
290;556.0459947446607;UCB1
291;558.3037576826459;UCB1
292;560.4733117789237;UCB1
293;561.6831160837129;UCB1
294;567.7625171163717;UCB1
295;568.0582807822996;UCB1
296;568.431084116983;UCB1
297;569.8953720007204;UCB1
298;571.0559744922004;UCB1
299;573.7750082106039;UCB1
300;576.6906184252291;UCB1
301;581.9410221274774;UCB1
302;586.2835669828044;UCB1
303;588.668349834513;UCB1
304;591.4185486591539;UCB1
305;594.6697504429978;UCB1
306;597.0134482971182;UCB1
307;599.1819704827321;UCB1
308;602.7613409614188;UCB1
309;604.5597173030744;UCB1
310;606.1762942356524;UCB1
311;607.2429334302545;UCB1
312;607.2908715745484;UCB1
313;608.0455532493266;UCB1
314;608.5417007208296;UCB1
315;608.5850592406047;UCB1
316;609.0516037325344;UCB1
317;609.1402102146001;UCB1
318;609.4370392357694;UCB1
319;610.9256739103985;UCB1
320;611.0129990841237;UCB1
321;611.0997801757696;UCB1
322;612.0088036737438;UCB1
323;613.5440572863359;UCB1
324;615.795402661365;UCB1
325;618.3014167840299;UCB1
326;620.6148544146466;UCB1
327;624.7380627175156;UCB1
328;629.2436715675165;UCB1
329;633.1578486747645;UCB1
330;635.6175134237897;UCB1
331;637.6658849124472;UCB1
332;638.9977614235687;UCB1
333;640.7069509400856;UCB1
334;641.323242433456;UCB1
335;641.4960725864828;UCB1
336;642.9363795625534;UCB1
337;644.7913347961813;UCB1
338;645.578581689806;UCB1
339;646.8250944528041;UCB1
340;647.6779889765734;UCB1
341;647.834240111463;UCB1
342;647.9895774970257;UCB1
343;648.1440091252383;UCB1
344;648.3454059126851;UCB1
345;649.5326888422521;UCB1
346;650.5818536082235;UCB1
347;652.5172042188938;UCB1
348;655.0194659998035;UCB1
349;658.8612413635325;UCB1
350;660.4452471692261;UCB1
351;662.6557013164278;UCB1
352;664.2985270099454;UCB1
353;666.517373081864;UCB1
354;669.2354957229168;UCB1
355;671.3325450436663;UCB1
356;672.5893216214741;UCB1
357;674.0304577218903;UCB1
358;676.2568696870039;UCB1
359;676.78468372944;UCB1
360;677.0021951920152;UCB1
361;677.2185016049363;UCB1
362;679.5130219006701;UCB1
363;680.1288318705546;UCB1
364;680.9462361259809;UCB1
0;0.0;LLR
1;0.0;LLR
2;101.2110905851844;LLR
3;172.23438614494628;LLR
4;246.03635853049707;LLR
5;327.038918821218;LLR
6;397.23994201921755;LLR
7;452.39257727664835;LLR
8;507.21540308738713;LLR
9;560.3601013599696;LLR
10;593.5292333603513;LLR
11;604.7237372416339;LLR
12;607.2762976337276;LLR
13;609.3869885283398;LLR
14;612.025368567567;LLR
15;614.6510311939428;LLR
16;617.4203264551319;LLR
17;620.076752886225;LLR
18;623.9021654756777;LLR
19;628.6086389892399;LLR
20;632.1891218341103;LLR
21;634.3365740132003;LLR
22;637.4095368017317;LLR
23;640.3877581507217;LLR
24;643.8492590834819;LLR
25;646.8591569876783;LLR
26;649.998441648419;LLR
27;653.3692271321675;LLR
28;657.1165352017599;LLR
29;662.7750151276953;LLR
30;667.919083222251;LLR
31;671.8070763772668;LLR
32;675.3100211665587;LLR
33;678.7618667362285;LLR
34;682.2209467883084;LLR
35;685.7731665510837;LLR
36;688.1169334570039;LLR
37;690.4687423891853;LLR
38;692.9339173972467;LLR
39;695.5470583288973;LLR
40;697.9790563558802;LLR
41;699.7742859522758;LLR
42;701.3152090096556;LLR
43;702.5401128341335;LLR
44;703.6817613719568;LLR
45;704.661233718191;LLR
46;706.0243533740161;LLR
47;707.7481305819757;LLR
48;709.2137408708796;LLR
49;710.4000853857856;LLR
50;711.1023946891496;LLR
51;711.7277421956535;LLR
52;712.2479276771232;LLR
53;712.7489457437957;LLR
54;713.365360125591;LLR
55;713.9308377513876;LLR
56;714.4435451297043;LLR
57;715.7396370319285;LLR
58;716.8414140314935;LLR
59;718.0726759552663;LLR
60;719.1552329876392;LLR
61;719.9729272056647;LLR
62;720.8009274789349;LLR
63;721.6444019063167;LLR
64;721.5109298890401;LLR
65;721.4059386017905;LLR
66;721.3416516213852;LLR
67;721.1278094772906;LLR
68;720.9700166331168;LLR
69;720.6790865055561;LLR
70;720.6393987224378;LLR
71;721.7945730848729;LLR
72;722.8115778210229;LLR
73;723.7442365493879;LLR
74;724.7745564528427;LLR
75;725.8160601328408;LLR
76;726.9461281697844;LLR
77;728.0534406995448;LLR
78;729.2398409293962;LLR
79;730.3988345735738;LLR
80;731.4492414972517;LLR
81;732.4567955048144;LLR
82;733.2316483264842;LLR
83;734.0716514985353;LLR
84;734.8722664179745;LLR
85;734.6963932770474;LLR
86;734.4466723258207;LLR
87;734.2675910757985;LLR
88;733.9780851658936;LLR
89;733.7792179449191;LLR
90;733.6648690946596;LLR
91;733.5699306278381;LLR
92;733.7212120390429;LLR
93;734.0134712435001;LLR
94;734.2166921755202;LLR
95;734.4009894130884;LLR
96;734.5552064698024;LLR
97;734.833252916894;LLR
98;735.0974559714637;LLR
99;735.2107348577038;LLR
100;735.380238441352;LLR
101;735.595317450246;LLR
102;735.6607200126789;LLR
103;735.6928049059323;LLR
104;735.786553852925;LLR
105;735.9333055606031;LLR
106;736.1409475818889;LLR
107;736.3358018356126;LLR
108;736.5767603829931;LLR
109;736.8034348869983;LLR
110;737.0447676453769;LLR
111;737.139391908064;LLR
112;737.2226344398472;LLR
113;737.562737726292;LLR
114;737.8388130612177;LLR
115;738.17434269978;LLR
116;738.5344873678497;LLR
117;738.9156966480957;LLR
118;739.3574059578725;LLR
119;739.7414006685746;LLR
120;739.9950133346098;LLR
121;740.374367020423;LLR
122;740.7169725145098;LLR
123;741.0118157372076;LLR
124;741.3019970438214;LLR
125;741.7037634303837;LLR
126;742.0723067933757;LLR
127;742.0501973951366;LLR
128;742.0413834626759;LLR
129;742.1148878161877;LLR
130;742.131411728981;LLR
131;742.0938185800477;LLR
132;742.124273894585;LLR
133;742.1140868240036;LLR
134;742.22591545707;LLR
135;742.3954571105799;LLR
136;742.5553153602303;LLR
137;742.6980675455402;LLR
138;742.7888663418389;LLR
139;742.8910334824268;LLR
140;743.1159310745052;LLR
141;742.7503705903093;LLR
142;742.3944732111952;LLR
143;742.1090524386436;LLR
144;741.7502871081307;LLR
145;741.4503138733571;LLR
146;741.1221475891571;LLR
147;740.7613504742417;LLR
148;741.1565928652285;LLR
149;741.5053282478793;LLR
150;741.8470354301633;LLR
151;742.1125960771212;LLR
152;742.3733784661017;LLR
153;742.6243798684046;LLR
154;742.8706925146541;LLR
155;742.8778808485672;LLR
156;742.8559774406849;LLR
157;742.901975210646;LLR
158;742.9260367553452;LLR
159;742.9334545322279;LLR
160;742.9875704384907;LLR
161;743.005406598732;LLR
162;742.7040371706283;LLR
163;742.4696553842075;LLR
164;742.1783471500808;LLR
165;741.8852037911577;LLR
166;741.5474224711152;LLR
167;741.2584082785868;LLR
168;740.9273757096651;LLR
169;741.0222502639622;LLR
170;741.1241266451565;LLR
171;741.2123894342724;LLR
172;741.3190679450004;LLR
173;741.4511874775205;LLR
174;741.569542976923;LLR
175;741.6537585914155;LLR
176;741.5336884320619;LLR
177;741.3956596357567;LLR
178;741.3304294259242;LLR
179;741.195780247765;LLR
180;741.0518270895564;LLR
181;740.8946067689446;LLR
182;740.8220806054935;LLR
183;740.945658372673;LLR
184;741.0110284292336;LLR
185;741.1077608120181;LLR
186;741.1970018948706;LLR
187;741.3039916546331;LLR
188;741.4182245004486;LLR
189;741.4682771106263;LLR
190;741.3993843853873;LLR
191;741.3212978880563;LLR
192;741.3514257022307;LLR
193;741.3431629235315;LLR
194;741.2905036601007;LLR
195;741.3034633709749;LLR
196;741.2918442409414;LLR
197;741.3703939592469;LLR
198;741.4458702391239;LLR
199;741.5161167479249;LLR
200;741.6102960630054;LLR
201;741.6550919226347;LLR
202;741.7164201869394;LLR
203;741.7602477064153;LLR
204;741.754153446011;LLR
205;741.7120928228061;LLR
206;741.7179338597739;LLR
207;741.7733103544491;LLR
208;741.8381268178568;LLR
209;741.8767482638061;LLR
210;741.9033110039414;LLR
211;742.1143329626875;LLR
212;742.2974338345635;LLR
213;742.4240699412272;LLR
214;742.5567431246757;LLR
215;742.6499250714157;LLR
216;742.7904426601193;LLR
217;742.9313955242542;LLR
218;742.903876541849;LLR
219;742.830180378475;LLR
220;742.7500952582024;LLR
221;742.7026690015764;LLR
222;742.6729386845695;LLR
223;742.6484733949959;LLR
224;742.6066211518598;LLR
225;742.6059057186344;LLR
226;742.6097215559521;LLR
227;742.5939786965471;LLR
228;742.6139976560154;LLR
229;742.59965507828;LLR
230;742.605032693133;LLR
231;742.7064872485814;LLR
232;742.5634858621661;LLR
233;742.4698475162212;LLR
234;742.3673539811396;LLR
235;742.2210364062901;LLR
236;742.1274182080849;LLR
237;742.0292437674425;LLR
238;741.9237722709265;LLR
239;742.0568645748149;LLR
240;742.1432240721965;LLR
241;742.2382417965084;LLR
242;742.3751731476037;LLR
243;742.4695787619844;LLR
244;742.5705429500426;LLR
245;742.6459953458449;LLR
246;742.660785875088;LLR
247;742.6810775212613;LLR
248;742.6873684202745;LLR
249;742.6540653117386;LLR
250;742.665653189267;LLR
251;742.7255710270722;LLR
252;742.7668879251571;LLR
253;742.8053855543726;LLR
254;742.8210932478156;LLR
255;742.8089523867062;LLR
256;742.8272998182174;LLR
257;742.8637355132844;LLR
258;742.9196547259317;LLR
259;742.9258940475676;LLR
260;743.0449031357919;LLR
261;743.2213199845628;LLR
262;743.3515514321736;LLR
263;743.5039588550708;LLR
264;743.6275667606485;LLR
265;743.7666773850713;LLR
266;743.9050013219687;LLR
267;743.9950101320322;LLR
268;744.0828941816017;LLR
269;744.1861947947598;LLR
270;744.253180651209;LLR
271;744.3447484559903;LLR
272;744.4416051080995;LLR
273;744.5232126956824;LLR
274;744.5920481380186;LLR
275;744.6788786177656;LLR
276;744.7491950051615;LLR
277;744.8322850369439;LLR
278;744.9214204699449;LLR
279;745.0407934162822;LLR
280;745.1610241526624;LLR
281;745.0069398377397;LLR
282;744.9284449064147;LLR
283;744.8208305055658;LLR
284;744.7228950415861;LLR
285;744.6341371905255;LLR
286;744.5077474133454;LLR
287;744.41656402621;LLR
288;744.5080847326249;LLR
289;744.5695184782589;LLR
290;744.6280334289632;LLR
291;744.7050705383509;LLR
292;744.7777320541338;LLR
293;744.89367478296;LLR
294;744.9850632492219;LLR
295;745.0534017386412;LLR
296;745.1010132290746;LLR
297;745.1782145089;LLR
298;745.2646575670401;LLR
299;745.3657978221357;LLR
300;745.4663933921238;LLR
301;745.5199604887127;LLR
302;745.7495558465798;LLR
303;745.9022209180816;LLR
304;746.0601815051402;LLR
305;746.2092105984702;LLR
306;746.3400853459625;LLR
307;746.4803558280058;LLR
308;746.6373925724267;LLR
309;746.6610784473753;LLR
310;746.7190498709142;LLR
311;746.7992762048806;LLR
312;746.800813081031;LLR
313;746.8057915727956;LLR
314;746.837192678424;LLR
315;746.8659434598726;LLR
316;746.9340538093466;LLR
317;747.0101326736994;LLR
318;747.093734970277;LLR
319;747.1764811473465;LLR
320;747.2445208051458;LLR
321;747.3511312243721;LLR
322;747.4445298743734;LLR
323;747.4521602046996;LLR
324;747.4955159024955;LLR
325;747.5326434268397;LLR
326;747.5625070588414;LLR
327;747.6066972643316;LLR
328;747.659144705173;LLR
329;747.6875716112229;LLR
330;747.6744949721326;LLR
331;747.6794612234605;LLR
332;747.6603666693286;LLR
333;747.6872687471341;LLR
334;747.6979136023232;LLR
335;747.7239110944553;LLR
336;747.7239503228082;LLR
337;747.9173833837469;LLR
338;748.0924929236344;LLR
339;748.3034873708704;LLR
340;748.532269716466;LLR
341;748.7470593124624;LLR
342;748.942480787307;LLR
343;749.1166145189584;LLR
344;749.2420256302873;LLR
345;749.3352252976096;LLR
346;749.4444741373978;LLR
347;749.5404863085726;LLR
348;749.6687792164757;LLR
349;749.7788167076625;LLR
350;749.9020857961227;LLR
351;750.1606260769593;LLR
352;750.4510490960733;LLR
353;750.6794335149687;LLR
354;750.940394610383;LLR
355;751.1538568466613;LLR
356;751.3692592562966;LLR
357;751.594144057727;LLR
358;751.8065138450357;LLR
359;752.0148090637445;LLR
360;752.2391412854649;LLR
361;752.4295091870283;LLR
362;752.6489423508161;LLR
363;752.8917938072534;LLR
364;753.1227965868666;LLR
0;0.0;CUCB
1;0.0;CUCB
2;0.0;CUCB
3;73.53502572232945;CUCB
4;79.98213318338635;CUCB
5;87.30152186134441;CUCB
6;90.96121620032345;CUCB
7;163.0092137502506;CUCB
8;165.90953742330478;CUCB
9;168.96792163858217;CUCB
10;172.46577425305816;CUCB
11;174.28184124161848;CUCB
12;175.60350948750988;CUCB
13;243.48635580564746;CUCB
14;245.64009981921774;CUCB
15;247.8774888958511;CUCB
16;249.84138901928682;CUCB
17;252.03550108810694;CUCB
18;255.84300816749482;CUCB
19;270.1984425377903;CUCB
20;278.1270666469674;CUCB
21;340.49198531829643;CUCB
22;350.95695565993196;CUCB
23;352.70745041421407;CUCB
24;362.3327360074283;CUCB
25;368.61929811853304;CUCB
26;421.5343502092112;CUCB
27;433.42430926271254;CUCB
28;435.3306756422232;CUCB
29;439.24610224666344;CUCB
30;442.90817397921245;CUCB
31;449.25355006696054;CUCB
32;458.20477086919846;CUCB
33;496.5485752451491;CUCB
34;499.3967336533243;CUCB
35;502.05203461356325;CUCB
36;503.791939751492;CUCB
37;514.1690924613897;CUCB
38;526.3871743145969;CUCB
39;533.5180457658713;CUCB
40;546.1030826520893;CUCB
41;552.5672931618326;CUCB
42;564.6539556614321;CUCB
43;580.2299299189456;CUCB
44;592.4020563134262;CUCB
45;607.7723447404124;CUCB
46;618.8941143485099;CUCB
47;626.8093765610224;CUCB
48;634.4379838215589;CUCB
49;638.5883389725414;CUCB
50;646.5529540874458;CUCB
51;658.5219677057239;CUCB
52;661.117450610901;CUCB
53;661.6257071386495;CUCB
54;662.0589667465606;CUCB
55;662.9502295877453;CUCB
56;663.5123518617002;CUCB
57;664.716035831686;CUCB
58;665.5411605232739;CUCB
59;666.3626201124102;CUCB
60;667.2764762433886;CUCB
61;668.0576250556012;CUCB
62;679.8980753915694;CUCB
63;691.2790582924408;CUCB
64;698.4483026765495;CUCB
65;706.6656807159314;CUCB
66;706.4653462172464;CUCB
67;706.3004566847942;CUCB
68;709.5023326565877;CUCB
69;715.6272432553237;CUCB
70;715.5126507588143;CUCB
71;717.1821762904196;CUCB
72;718.2654697920054;CUCB
73;719.1702963549023;CUCB
74;720.1353351631703;CUCB
75;721.3181096978171;CUCB
76;722.2959945257893;CUCB
77;723.6375344850479;CUCB
78;724.919929648895;CUCB
79;726.3994834125303;CUCB
80;727.7332489623464;CUCB
81;728.8775022192856;CUCB
82;729.6667743423858;CUCB
83;730.5361022717384;CUCB
84;731.3427549993349;CUCB
85;731.241470783782;CUCB
86;731.0380140163975;CUCB
87;730.8958180888972;CUCB
88;730.7609258105814;CUCB
89;730.8214680259289;CUCB
90;730.6369396043604;CUCB
91;730.7044916194785;CUCB
92;730.8804919633471;CUCB
93;731.1146721435;CUCB
94;731.3382783496115;CUCB
95;731.531029215304;CUCB
96;731.7529009758088;CUCB
97;732.0439049273566;CUCB
98;732.412855164386;CUCB
99;732.6436949592268;CUCB
100;732.8710970912966;CUCB
101;733.2418248649038;CUCB
102;733.3340189080717;CUCB
103;733.363504006125;CUCB
104;733.5142098485596;CUCB
105;733.6854679083751;CUCB
106;733.7891701447185;CUCB
107;734.0291807642528;CUCB
108;734.3083171191258;CUCB
109;734.6909216731433;CUCB
110;734.9243239805141;CUCB
111;735.2138819621385;CUCB
112;735.2662310746499;CUCB
113;735.6363936460398;CUCB
114;735.9499752840013;CUCB
115;736.2228280416512;CUCB
116;736.551154089362;CUCB
117;736.9488145978453;CUCB
118;737.444139659935;CUCB
119;737.8903074951227;CUCB
120;738.3197454169112;CUCB
121;738.7134420358717;CUCB
122;739.0847918631988;CUCB
123;739.368171784945;CUCB
124;739.6850500075409;CUCB
125;740.058652606823;CUCB
126;740.4022419306241;CUCB
127;740.4227602055912;CUCB
128;740.4978111729602;CUCB
129;740.5215525955252;CUCB
130;740.6542378617771;CUCB
131;740.7533968882973;CUCB
132;740.7760501910661;CUCB
133;740.7358426885435;CUCB
134;740.848327409525;CUCB
135;740.9967486950653;CUCB
136;741.1106854436049;CUCB
137;741.2885227621305;CUCB
138;741.451956988569;CUCB
139;741.5650420566062;CUCB
140;741.7960239471081;CUCB
141;741.4230199533058;CUCB
142;741.0541840184859;CUCB
143;740.7606218683255;CUCB
144;740.4469852782133;CUCB
145;740.1666389289676;CUCB
146;739.7974027420464;CUCB
147;739.4761364324072;CUCB
148;739.8364599773394;CUCB
149;740.2407416534909;CUCB
150;740.5922061286401;CUCB
151;740.9082501044754;CUCB
152;741.195869321195;CUCB
153;741.4426394977614;CUCB
154;741.6773104248786;CUCB
155;741.6570071778613;CUCB
156;741.637595361636;CUCB
157;741.6702124009656;CUCB
158;741.7078809856248;CUCB
159;741.7544874724078;CUCB
160;741.8249047896945;CUCB
161;741.89264525247;CUCB
162;741.590699560837;CUCB
163;741.3478215548571;CUCB
164;741.0756221919002;CUCB
165;740.7713157987462;CUCB
166;740.4537489085718;CUCB
167;740.1471255271657;CUCB
168;739.8429471555612;CUCB
169;739.9383415724454;CUCB
170;740.1059172691073;CUCB
171;740.179034206245;CUCB
172;740.3022139996912;CUCB
173;740.43232063763;CUCB
174;740.5565301430643;CUCB
175;740.6404894826278;CUCB
176;740.5157662714382;CUCB
177;740.3718711500117;CUCB
178;740.2872595829305;CUCB
179;740.1957295007273;CUCB
180;740.0846485852658;CUCB
181;739.9075951202743;CUCB
182;739.8590928752553;CUCB
183;739.968709894668;CUCB
184;740.0335319769316;CUCB
185;740.1570487094995;CUCB
186;740.2637641146305;CUCB
187;740.3565369619832;CUCB
188;740.4428360836248;CUCB
189;740.522253763138;CUCB
190;740.4905228567529;CUCB
191;740.4488422809437;CUCB
192;740.4497941740349;CUCB
193;740.4305183744847;CUCB
194;740.3970169241423;CUCB
195;740.4144553274624;CUCB
196;740.3730528551483;CUCB
197;740.4564098805456;CUCB
198;740.5541255667915;CUCB
199;740.6077115417818;CUCB
200;740.7332989204347;CUCB
201;740.795625778244;CUCB
202;740.8710426472045;CUCB
203;740.9142334888011;CUCB
204;740.9145353354279;CUCB
205;740.8650783008013;CUCB
206;740.8589135070033;CUCB
207;740.9186158201944;CUCB
208;740.9882764609595;CUCB
209;741.0491949760235;CUCB
210;741.0760838806842;CUCB
211;741.2814983535043;CUCB
212;741.5287807601026;CUCB
213;741.6593909818166;CUCB
214;741.7888071438931;CUCB
215;741.882752228729;CUCB
216;742.0340421668236;CUCB
217;742.165717042955;CUCB
218;742.1299772688732;CUCB
219;742.0828558905648;CUCB
220;742.0019759993561;CUCB
221;741.9631472045951;CUCB
222;741.9354708165724;CUCB
223;741.9335507994863;CUCB
224;741.8928307043448;CUCB
225;741.8933597794637;CUCB
226;741.8982251087948;CUCB
227;741.8873050712216;CUCB
228;741.9095315378139;CUCB
229;741.9271492671595;CUCB
230;741.9305005036579;CUCB
231;742.0228261705267;CUCB
232;741.8974849392227;CUCB
233;741.7944210364574;CUCB
234;741.6890947430647;CUCB
235;741.5603111443941;CUCB
236;741.4717812876746;CUCB
237;741.3624513898206;CUCB
238;741.2789226053184;CUCB
239;741.4152423202083;CUCB
240;741.5157291704769;CUCB
241;741.6291289523494;CUCB
242;741.7665037917443;CUCB
243;741.8655242189545;CUCB
244;741.969080773283;CUCB
245;742.0470861280243;CUCB
246;742.0728078039108;CUCB
247;742.0790203721685;CUCB
248;742.0832056506897;CUCB
249;742.0691696640366;CUCB
250;742.088174583809;CUCB
251;742.1737583790552;CUCB
252;742.2077251559294;CUCB
253;742.2472843525252;CUCB
254;742.24904878443;CUCB
255;742.2605932118192;CUCB
256;742.2707624358613;CUCB
257;742.2926114439392;CUCB
258;742.3691516931685;CUCB
259;742.3778936613767;CUCB
260;742.5036799223299;CUCB
261;742.6984091858017;CUCB
262;742.8446260436936;CUCB
263;742.9781509442167;CUCB
264;743.1090071731177;CUCB
265;743.2426364395396;CUCB
266;743.3808289766258;CUCB
267;743.4649611526667;CUCB
268;743.5624965118429;CUCB
269;743.6679561420648;CUCB
270;743.7153747713896;CUCB
271;743.8418784307144;CUCB
272;743.9412470141749;CUCB
273;744.0261927247743;CUCB
274;744.1064597300126;CUCB
275;744.1753007352957;CUCB
276;744.264090918391;CUCB
277;744.3284265533455;CUCB
278;744.438826322379;CUCB
279;744.554251581802;CUCB
280;744.6594401293569;CUCB
281;744.5413359251033;CUCB
282;744.4543113391982;CUCB
283;744.3444251628061;CUCB
284;744.242292043146;CUCB
285;744.1526241694139;CUCB
286;744.0422866136129;CUCB
287;743.9467297798717;CUCB
288;744.0090138807676;CUCB
289;744.0902602414221;CUCB
290;744.1476723486993;CUCB
291;744.2336852103577;CUCB
292;744.3278636691772;CUCB
293;744.4308943199685;CUCB
294;744.5208471880294;CUCB
295;744.5986514293343;CUCB
296;744.6488766058487;CUCB
297;744.7130165911411;CUCB
298;744.805342156873;CUCB
299;744.9062526830768;CUCB
300;745.0154994154414;CUCB
301;745.0684095588089;CUCB
302;745.2982302139362;CUCB
303;745.4606142442774;CUCB
304;745.6124276471585;CUCB
305;745.7573998596549;CUCB
306;745.891750446146;CUCB
307;746.0359138329827;CUCB
308;746.1934252981869;CUCB
309;746.2280278094761;CUCB
310;746.2776351525491;CUCB
311;746.3489557300863;CUCB
312;746.3496177685624;CUCB
313;746.3796410491724;CUCB
314;746.4160750303778;CUCB
315;746.4484542331297;CUCB
316;746.5167644849048;CUCB
317;746.5945661790497;CUCB
318;746.6872556476069;CUCB
319;746.7755461287063;CUCB
320;746.8480859761721;CUCB
321;746.946376754919;CUCB
322;747.0578918506076;CUCB
323;747.0723538046359;CUCB
324;747.1226423843436;CUCB
325;747.1495026908976;CUCB
326;747.1963364030046;CUCB
327;747.2277488221293;CUCB
328;747.2784780170075;CUCB
329;747.3135303673668;CUCB
330;747.3051582662802;CUCB
331;747.3125151405708;CUCB
332;747.2843928649689;CUCB
333;747.3263396738685;CUCB
334;747.3325765416839;CUCB
335;747.3579136691923;CUCB
336;747.3713360331446;CUCB
337;747.570319961917;CUCB
338;747.743577508533;CUCB
339;747.9433448410547;CUCB
340;748.1789441307521;CUCB
341;748.3809270861191;CUCB
342;748.6056281774513;CUCB
343;748.7916211836462;CUCB
344;748.91450344786;CUCB
345;749.0113498742521;CUCB
346;749.1124732751357;CUCB
347;749.2191917609388;CUCB
348;749.3471512738156;CUCB
349;749.4513128387105;CUCB
350;749.5757119088795;CUCB
351;749.8339078855747;CUCB
352;750.1331504922493;CUCB
353;750.3646154811031;CUCB
354;750.6321373259241;CUCB
355;750.8395731265615;CUCB
356;751.0545684064023;CUCB
357;751.2881091462666;CUCB
358;751.4946693265158;CUCB
359;751.7009334734948;CUCB
360;751.9202076188492;CUCB
361;752.1122504946965;CUCB
362;752.3365978588911;CUCB
363;752.5898355732276;CUCB
364;752.8258024675447;CUCB
